SUPERMERCADOS;MERCADO ARB;RUA QUARENTA 38;96222-000;ABEL CRAVO - QUINTA;RIO GRANDE;RS
SUPERMERCADOS;BELA COMPRA;RUA ALAMEDA URUGUAI 75;96200-970;AEROPORTO;RIO GRANDE;RS
SUPERMERCADOS;COMERSUL;ALAMEDA URUGUAY 75;96203-040;AEROPORTO;RIO GRANDE;RS
SUPERMERCADOS;MINIMERCADO MV;RUA QUINZE 141 (QUARTA SECCAO DA BARRA);96204-200;BARRA;RIO GRANDE;RS
SUPERMERCADOS;LUCAS BRAGA DORNELLES;RUA CENTO E VINTE E DOIS 101;96200-974;BOLXA;RIO GRANDE;RS
SUPERMERCADOS;MINIMERCADO SEM RIVAL;RUA REPUBLICA DE CUBA 527;96212-060;BUCHHOLZ;RIO GRANDE;RS
SUPERMERCADOS;MINI MERCADO M E S;RUA COSTA RICA 603;96212-020;BUCHOLZ;RIO GRANDE;RS
SUPERMERCADOS;CLEITON LOPES AIRES;RUA MANOEL GONZALES LOPES 452;96213-240;CARLOS SANTOS;RIO GRANDE;RS
SUPERMERCADOS;CLEITON LOPES AIRES;RUA MANOEL GONZALES LOPES 452;96213-240;CARLOS SANTOS;RIO GRANDE;RS
SUPERMERCADOS;HANGAR 734;AVENIDA ITALIA 1720;96203-000;CARREIROS;RIO GRANDE;RS
SUPERMERCADOS;MINI MERCADO MAURELL;AV ITALIA 2111;96203-000;CARREIROS;RIO GRANDE;RS
SUPERMERCADOS;ANDREIA EBERT;AV RIO GRANDE 426;96205-000;CASSINO;RIO GRANDE;RS
SUPERMERCADOS;BEM DO SUL PADARIA E CONFEITARIA LTDA ME;RUA ALFREDO F. RODRIGUES 353;96205-120;CASSINO;RIO GRANDE;RS
SUPERMERCADOS;BIANCA BASTOS ALVES;RUA JOSE FERREIRA DOS SANTOS 99 0;96207-460;CASSINO;RIO GRANDE;RS
SUPERMERCADOS;BUFFET DONA ANA;AV RIO GRANDE 607;96205-001;CASSINO;RIO GRANDE;RS
RESTAURANTE;ANDRE LUIS PEREIRA ALMEIDA;RUA DEPUTADO OSWALDO MULLER BARLEM (ABC I, II E III) 840;96207-630;CASSINO;RIO GRANDE;RS
RESTAURANTE;BOTEQUIM DA PRAIA;RUA BAGE 360;96205-050;CASSINO;RIO GRANDE;RS
RESTAURANTE;ELISANA CHAVES OLIVEIRA;RUA URUGUAIANA 599;96205-140;CASSINO;RIO GRANDE;RS
RESTAURANTE;FLOWER SUSHI PUB;RUA LISBOA 338;96207-420;CASSINO;RIO GRANDE;RS
RESTAURANTE;FRANGO MACEDO RODRIGUES E CIA;AVENIDA RIO GRANDE 275;96205-001;CASSINO;RIO GRANDE;RS
RESTAURANTE;JJ VILLANT;RUA JOSE FERREIRA DOS SANTOS 381;96207-460;CASSINO;RIO GRANDE;RS
RESTAURANTE;LA BANDA CELESTE COM;AV ATLANTICA 356;96206-660;CASSINO;RIO GRANDE;RS
RESTAURANTE;LA COSTA;AVENIDA RIO GRANDE 270;96205-001;CASSINO;RIO GRANDE;RS
RESTAURANTE;LA VENTANA;AVENIDA RIO GRANDE 324;96205-000;CASSINO;RIO GRANDE;RS
RESTAURANTE;LOS CABRONES;AVENIDA ATLÃ‚NTICA 713;96207-662;CASSINO;RIO GRANDE;RS
RESTAURANTE;ORLANDO MOLON E CIA LTDA;RUA JOVEM AIRTON PORTO ALEGRE 351;96205-270;CASSINO;RIO GRANDE;RS
RESTAURANTE;REDS;ALAMEDA JANDIR GARCIA 700;96206-400;CASSINO;RIO GRANDE;RS
RESTAURANTE;SHERON DOS SANTOS PEREIRA;AVENIDA RIO GRANDE 521;96205-001;CASSINO;RIO GRANDE;RS
RESTAURANTE;SUPER DOG DA IGREJA;AVENIDA RIO GRANDE 339;96205-001;CASSINO;RIO GRANDE;RS
RESTAURANTE;ARMAZEM ZE COLMEIA;RUA JOAO ALFREDO 455;96200-260;CENTRO;RIO GRANDE;RS
SUPERMERCADOS;BUFFON 67;AV RIO GRANDE 512;96205-000;CASSINO;RIO GRANDE;RS
SUPERMERCADOS;BUFFON 68;AV RIO GRANDE 162;96205-000;CASSINO;RIO GRANDE;RS
SUPERMERCADOS;BUFFON 69;AV ATLANTICA 0;96207-662;CASSINO;RIO GRANDE;RS
SUPERMERCADOS;CARNE NOBRE DE BAGE LTDA;AV RIO GRANDE 135;96205-001;CASSINO;RIO GRANDE;RS
SUPERMERCADOS;CATAVENTO SUPERMERCADO-CASSINO;AV ATLANTICA 596;96207-660;CASSINO;RIO GRANDE;RS
SUPERMERCADOS;CHICOS GRELHADOS;AVENIDA RIO GRANDE 537;96205-001;CASSINO;RIO GRANDE;RS
SUPERMERCADOS;CLEONICE QUEVEDO GARCIA 31082394068;AV TRAMANDAI (ABC VIII E IX) 2228;96207-330;CASSINO;RIO GRANDE;RS
SUPERMERCADOS;COMERCIAL FONSECA;RUA ROBERTO COIMBRA EDOM 761;96208-250;CASSINO;RIO GRANDE;RS
SUPERMERCADOS;DIEGO OBELAR HERNANDES;RUA DOM PEDRITO 61;96200-970;CASSINO;RIO GRANDE;RS
SUPERMERCADOS;EMPORIO ALBA;AV ATLANTICA 364;96207-424;CASSINO;RIO GRANDE;RS
SUPERMERCADOS;ESSENCIAL PRAIA SHOPPING;RUA JULIO DE CASTILHOS 102;96207-530;CASSINO;RIO GRANDE;RS
SUPERMERCADOS;FRUTEIRA E MERCEARIA ANELISE;RUA LISBOA 410;96205-220;CASSINO;RIO GRANDE;RS
SUPERMERCADOS;FRUTEIRA LISBOA;RUA LISBOA 408;96207-420;CASSINO;RIO GRANDE;RS
SUPERMERCADOS;IRMAOS HENRICH;AVENIDA RIO GRANDE 473;96205-001;CASSINO;RIO GRANDE;RS
SUPERMERCADOS;ISMAEL NOGUEIRA JACQUES;AV ATLANTICA 1541;96210-090;CASSINO;RIO GRANDE;RS
RESTAURANTE;ATELIE DO SABOR;RUA MARECHAL FLORIANO PEIXOTO 480;96200-380;CENTRO;RIO GRANDE;RS
RESTAURANTE;BONNA PASTA;RUA GENERAL NETO 548;96200-010;CENTRO;RIO GRANDE;RS
RESTAURANTE;BRUNO DINIZ MARTINS ME;RUA DR NAPOLEAO LAUREANO 296;96200-100;CENTRO;RIO GRANDE;RS
RESTAURANTE;CAIS ENTRE NOS;AV SILVA PAES 426;96200-340;CENTRO;RIO GRANDE;RS
RESTAURANTE;CARIOCA DA ILHA;RUA GENERAL OSORIO 0;96200-400;CENTRO;RIO GRANDE;RS
RESTAURANTE;CONCEITO DA ALIMENTACAO D ANA LTDA;R REPUBLICA DO LIBANO 293;96200-970;CENTRO;RIO GRANDE;RS
RESTAURANTE;DAIANE RODRIGUES CARDOSO;AVENIDA SILVA PAES 60;96200-340;CENTRO;RIO GRANDE;RS
RESTAURANTE;DELVAIR BRESQUI OLIVEIRA;RUA VISCONDE DE PARANAGUA 21;96200-190;CENTRO;RIO GRANDE;RS
RESTAURANTE;ELICINEI DA SILVA ABREU DE SOUSA;RUA BARAO DO COTEGIPE 495;96200-290;CENTRO;RIO GRANDE;RS
RESTAURANTE;EVA DA ROSA CORDEIRO 45924457087;RUA MARECHAL FLORIANO PEIXOTO 180;96200-380;CENTRO;RIO GRANDE;RS
RESTAURANTE;FABIO MARZOL DE MELLO ME;RUA APELLES PORTO ALEGRE 19;96200-060;CENTRO;RIO GRANDE;RS
RESTAURANTE;FABIO MARZOL DE MELLO ME;RUA GENERAL NETO 489;96200-010;CENTRO;RIO GRANDE;RS
RESTAURANTE;FILE DO BIGODE;RUA GENERAL BACELAR 472;96200-370;CENTRO;RIO GRANDE;RS
RESTAURANTE;FORNALHA;RUA DOUTOR NASCIMENTO 183;96200-300;CENTRO;RIO GRANDE;RS
RESTAURANTE;FRANGO DA COLOMBO;RUA BENJAMIN CONSTANT 249;96200-090;CENTRO;RIO GRANDE;RS
SUPERMERCADOS;ISRAEL PESTANA ALVES ME;AV ATLANTICA 1591;96210-090;CASSINO;RIO GRANDE;RS
SUPERMERCADOS;J R PADARIA E MINIMERCADO-CASSINO;AV RIO GRANDE 473;96205-000;CASSINO;RIO GRANDE;RS
SUPERMERCADOS;LITORAL MINI MERCADO;RUA ANTONIO CARINGE  POSTO 4;96208-030;CASSINO;RIO GRANDE;RS
SUPERMERCADOS;LUANA FERREIRA PADOVANI;AV RIO GRANDE 473;96205-001;CASSINO;RIO GRANDE;RS
SUPERMERCADOS;M DE L V NIEWINSKI;RUA VEREADOR ALFREDO CASSAHI (POSTO SETE E NOVE) 755;96206-480;CASSINO;RIO GRANDE;RS
SUPERMERCADOS;MARTHA FRENZEL BORBA;AVENIDA RIO GRANDE 53;96207-000;CASSINO;RIO GRANDE;RS
SUPERMERCADOS;MERCADO DA ESTACAO;AVENIDA RIO GRANDE 521 A;96205-001;CASSINO;RIO GRANDE;RS
SUPERMERCADOS;MERCADO DA ESTACAO;AVENIDA RIO GRANDE 521;96205-001;CASSINO;RIO GRANDE;RS
SUPERMERCADOS;MERCADO E PADARIA D E M;RUA FERNANDO LOREA DE PINHO (PRQ GUANABARA) 491;96209-210;CASSINO;RIO GRANDE;RS
SUPERMERCADOS;MERCADO MARESIAS;RUA AIRTON JOVEN PORTO ALEGRE  340;96205-270;CASSINO;RIO GRANDE;RS
SUPERMERCADOS;MERCADO SANTA RITA;RUA ANTONIO CARINGI 402;96208-030;CASSINO;RIO GRANDE;RS
SUPERMERCADOS;MERCEARIA BEIRA MAR;AVENIDA BRASIL 1602;96210-010;CASSINO;RIO GRANDE;RS
SUPERMERCADOS;MERCEARIA DA ANA;RUA VEREADOR ATHAYDES RODRIGUES 758;96208-100;CASSINO;RIO GRANDE;RS
SUPERMERCADOS;MERCEARIA PACHETTI;RUA QUATRO (POSTO CINCO) 1683;96206-200;CASSINO;RIO GRANDE;RS
SUPERMERCADOS;MILLENIUM PRAIA;AV ATLANTICA 596;96207-660;CASSINO;RIO GRANDE;RS
RESTAURANTE;GUILHERME ACUNHA PIRES FERREIRA;RUA GENERAL OSORIO 513;96200-400;CENTRO;RIO GRANDE;RS
RESTAURANTE;JETRICIA DOMENICA DALLA RIVA CUCCO ME;RUA GENERAL NETO 229;96200-010;CENTRO;RIO GRANDE;RS
RESTAURANTE;MARISA DA CONCEICAO RODRIGUES DE OLIVEIRA;RUA DUQUE DE CAXIAS 424;96200-970;CENTRO;RIO GRANDE;RS
RESTAURANTE;NISHIMURA E FONSECA;RUA LUIZ LOREA 315;96200-350;CENTRO;RIO GRANDE;RS
RESTAURANTE;PADARIA FIDALGA;RUA VINTE E QUATRO DE MAIO 371;96200-006;CENTRO;RIO GRANDE;RS
RESTAURANTE;PADARIA VENEZA;RUA VINTE E QUATRO DE MAIO 216;96200-003;CENTRO;RIO GRANDE;RS
RESTAURANTE;PARRILLADA LAS LENAS;RUA AQUIDABAN 749;96200-480;CENTRO;RIO GRANDE;RS
RESTAURANTE;PLANETARIOS;RUA GENERAL BACELAR 355;96200-370;CENTRO;RIO GRANDE;RS
RESTAURANTE;PRISCILA DE OLIVEIRA SANTOS;RUA APELLES PORTO ALEGRE 19;96200-060;CENTRO;RIO GRANDE;RS
RESTAURANTE;REPUBLICA DO BAURU;RUA DR NASCIMENTO 406;96200-300;CENTRO;RIO GRANDE;RS
RESTAURANTE;ROSANE C MENDONCA;RUA GENERAL NETO 548;96200-010;CENTRO;RIO GRANDE;RS
RESTAURANTE;ROSE;AVENIDA SILVA PAES 274;96200-340;CENTRO;RIO GRANDE;RS
RESTAURANTE;SABOR DE CASA;RUA DUQUE DE CAXIAS 117 A;96200-020;CENTRO;RIO GRANDE;RS
RESTAURANTE;SABOR DIVINO;RUA MARECHAL FLORIANO PEIXOTO 189;96200-380;CENTRO;RIO GRANDE;RS
RESTAURANTE;SABOR DO FRANGO;AV URUGUAI 1026;96200-970;CENTRO;RIO GRANDE;RS
SUPERMERCADOS;MILLENIUNN CASSINO;AV ATLANTICA 596;96207-662;CASSINO;RIO GRANDE;RS
SUPERMERCADOS;MILLENIUNN PRAIA;AVENIDA ATLANTICA 596;96207-660;CASSINO;RIO GRANDE;RS
SUPERMERCADOS;MINIMERCADO QUERENCIA;AVENIDA BRASIL 1519;96210-010;CASSINO;RIO GRANDE;RS
SUPERMERCADOS;MINIMERCADO TEMPORADA;RUA VINTE E DOIS 223;96200-970;CASSINO;RIO GRANDE;RS
SUPERMERCADOS;PADARIA PAO E MEL;AVENIDA OSWALDO CRUZ, 358;96205-110;CASSINO;RIO GRANDE;RS
SUPERMERCADOS;PANIFICIO GABRIEL;RUA JOSE FERREIRA DOS SANTOS 99;96200-970;CASSINO;RIO GRANDE;RS
SUPERMERCADOS;PONTO ECONOMICO;AV RIO GRANDE 521 A;96205-001;CASSINO;RIO GRANDE;RS
SUPERMERCADOS;PORTO BELO;AV ATLANTICA 1162;96211-030;CASSINO;RIO GRANDE;RS
SUPERMERCADOS;POSTO DA ESTACAO;AVENIDA RIO GRANDE 512;96205-000;CASSINO;RIO GRANDE;RS
SUPERMERCADOS;POSTO DA PRAIA;AVENIDA RIO GRANDE 162;96205-000;CASSINO;RIO GRANDE;RS
SUPERMERCADOS;POSTO DA PRAIA II;AV ATLANTICA SN;96207-662;CASSINO;RIO GRANDE;RS
SUPERMERCADOS;POSTO DO CASSINO;AVENIDA RIO GRANDE 802;96205-000;CASSINO;RIO GRANDE;RS
SUPERMERCADOS;VILMAR LOPES DOS SANTOS;RUA ISIDORO FRANCO  84;96214-170;CASTELO;RIO GRANDE;RS
SUPERMERCADOS;AVELINO TEIXEIRA TAVARES;RUA IZIDORO FRANCO 78;96214-170;CASTELO BRANCO;RIO GRANDE;RS
SUPERMERCADOS;MINIMERCADO CASTELO;RUA ISIDORO FRANCO 84;96214-170;CASTELO BRANCO;RIO GRANDE;RS
RESTAURANTE;SILVIA SOUZA DE CARVALHO;RUA GENERAL OSORIO 64;96200-400;CENTRO;RIO GRANDE;RS
RESTAURANTE;SIM - REDE DE POSTOS;RUA APELLES PORTO ALEGRE 53;96200-060;CENTRO;RIO GRANDE;RS
RESTAURANTE;SUARAIA SAAD MOHSEN;RUA MARECHAL FLORIANO PEIXOTO 485;96200-380;CENTRO;RIO GRANDE;RS
RESTAURANTE;TEMPERO DA CASA;RUA EWBANK 35;96200-080;CENTRO;RIO GRANDE;RS
RESTAURANTE;TUTTI FRATELLI;RUA GOMES FREIRE 653;96200-470;CENTRO;RIO GRANDE;RS
RESTAURANTE;BRUNA VOTTO MACHADO ME;RUA BUARQUE DE MACEDO 342;96211-114;CIDADE NOVA;RIO GRANDE;RS
RESTAURANTE;BUFFET SECULO XXI;RUA DOM BOSCO 148;96211-090;CIDADE NOVA;RIO GRANDE;RS
RESTAURANTE;DITIMANN ALIMENTOS;RUA BUARQUE DE MACEDO 40;96211-110;CIDADE NOVA;RIO GRANDE;RS
RESTAURANTE;DOM GUILHERME;RUA CRISTOVAO COLOMBO 513;96211-510;CIDADE NOVA;RIO GRANDE;RS
RESTAURANTE;FABRICA;RUA DOM BOSCO 37;96211-090;CIDADE NOVA;RIO GRANDE;RS
RESTAURANTE;FREE COM;RUA MARECHAL DEODORO 200;96211-480;CIDADE NOVA;RIO GRANDE;RS
RESTAURANTE;MR GUFF;RUA BENTO GONCALVES 100;96211-070;CIDADE NOVA;RIO GRANDE;RS
RESTAURANTE;NATHAN DA C COSTA;RUA VISCONDE DO RIO GRANDE 510;96211-490;CIDADE NOVA;RIO GRANDE;RS
RESTAURANTE;PANDORATO;RUA DOMINGOS DE ALMEIDA 658;96211-580;CIDADE NOVA;RIO GRANDE;RS
RESTAURANTE;PEIXARIA BIG MAR;RUA SALDANHA MARINHO 250;96211-630;CIDADE NOVA;RIO GRANDE;RS
SUPERMERCADOS;ABELHINHAS PAES E DOCES;RUA BARAO DO COTEGIPE 349;96200-290;CENTRO;RIO GRANDE;RS
SUPERMERCADOS;ACOUGUE E MERC MULLER;RUA DR NASCIMENTO 199;96200-300;CENTRO;RIO GRANDE;RS
SUPERMERCADOS;ACOUGUE E MERCEARIA MULLER;DR NASCIMENTO, 199 0;96200-300;CENTRO;RIO GRANDE;RS
SUPERMERCADOS;ACOUGUE LACADOR;RUA CARLOS GOMES 700;96200-460;CENTRO;RIO GRANDE;RS
SUPERMERCADOS;AMAZONIA SUPRIMENTOS;RUA LUIZ LOREA 474;96200-350;CENTRO;RIO GRANDE;RS
SUPERMERCADOS;ANDRE RAMOS CASTRO;RUA REPUBLICA DO LIBANO 273;96200-360;CENTRO;RIO GRANDE;RS
SUPERMERCADOS;ARMAZEM VANZELOTE;RUA MARECHAL FLORIANO PEIXOTO 279;96200-380;CENTRO;RIO GRANDE;RS
SUPERMERCADOS;ARMAZEM VIP;AV SILVA PAES 340;96200-340;CENTRO;RIO GRANDE;RS
SUPERMERCADOS;BIG RIO GRANDE;RUA SENADOR CORREA 465;96200-600;CENTRO;RIO GRANDE;RS
SUPERMERCADOS;BUFFON 07;RUA GENERAL NETO 514;96200-010;CENTRO;RIO GRANDE;RS
SUPERMERCADOS;BUFFON 12;AV RHEINGANTZ 15;96202-110;CENTRO;RIO GRANDE;RS
SUPERMERCADOS;C MINIMERCADO MILLER;PROF SUELY COSTA 20GB1 450 0;96200-470;CENTRO;RIO GRANDE;RS
SUPERMERCADOS;CASA DE SUCOS;RUA MARECHAL FLORIANO PEIXOTO 279;96200-380;CENTRO;RIO GRANDE;RS
SUPERMERCADOS;CASA DO CONFEITEIRO;RUA DEZENOVE DE FEVEREIRO 562;96200-490;CENTRO;RIO GRANDE;RS
SUPERMERCADOS;CHOCOLATES LUGANO;RUA LUIZ LOREA 374;96200-350;CENTRO;RIO GRANDE;RS
RESTAURANTE;SKINA FRANGOS;RUA DOMINGOS DE ALMEIDA 700;96211-580;CIDADE NOVA;RIO GRANDE;RS
RESTAURANTE;COMERCIAL BUFFON;BR 392 KM 10 01;96204-000;DISTRITO INDL;RIO GRANDE;RS
RESTAURANTE;REPRESENTACOES KONRAD;RUA REPUBLICA DO SALVADOR 536;96212-030;FREDERICO ERNESTO BUCHHOLZ;RIO GRANDE;RS
RESTAURANTE;VANESSA CRIZEL DE ARAUJO;RUA COMENDADOR HENRIQUE PANCADA 1051;96211-330;LAGOA;RIO GRANDE;RS
RESTAURANTE;JACK CONGELADOS;AV PRES VARGAS 830;96202-188;PARQUE;RIO GRANDE;RS
RESTAURANTE;BRUNA VOTTO MACHADO ME;AV GRANDES LAGOS, DOS 342;96215-010;PARQUE MARINHA;RIO GRANDE;RS
RESTAURANTE;SERGIO ROBERTO OVIEDO ESTEVAM ME;RUA MAR MEDITERRANEO 409;96215-390;PARQUE MARINHA;RIO GRANDE;RS
RESTAURANTE;TAMARAGIBA ALBERTO G PEREIRA ME;RUA VELEIROS 12;96215-050;PARQUE MARINHA;RIO GRANDE;RS
RESTAURANTE;VINICIUS VALENTE DE LLANO;RUA ILHA DE PASCOA 280;96215-070;PARQUE MARINHA;RIO GRANDE;RS
RESTAURANTE;SUBWAY;AV PRES VARGAS 501;96202-336;PARQUE RESIDENCIAL COEL;RIO GRANDE;RS
RESTAURANTE;CANTINA;AV RHEINGANTZ 91;96202-110;PARQUE RESIDENCIAL COELHO;RIO GRANDE;RS
RESTAURANTE;BELLA GULA;AV ENGENHEIRA LUCIA MARIA BALBELA CHIESA 2842;96216-400;PARQUE RESIDENCIAL SAO PEDRO;RIO GRANDE;RS
RESTAURANTE;CAMARAO EXPRESS RG;AV ENGENHEIRA LUCIA MARIA BALBELA CHIESA 2842;96216-400;PARQUE RESIDENCIAL SAO PEDRO;RIO GRANDE;RS
RESTAURANTE;D FEIRA MIXFOOD;AV ENGENHEIRA LUCIA MARIA BALBELA CHIESA 2842;96216-400;PARQUE RESIDENCIAL SAO PEDRO;RIO GRANDE;RS
RESTAURANTE;MAKTUB COMERCIO DE ALIMENTOS LTDA;AV ENGENHEIRA LUCIA MARIA BALBELA CHIESA 2842;96216-400;PARQUE RESIDENCIAL SAO PEDRO;RIO GRANDE;RS
SUPERMERCADOS;CHOPAO;AVENIDA SILVA PAES 366;96200-340;CENTRO;RIO GRANDE;RS
SUPERMERCADOS;CLAUDEMIR DAS NEVES COSTA PADARIA E CONFEITARIA;RUA VINTE E QUATRO DE MAIO 701;96200-006;CENTRO;RIO GRANDE;RS
SUPERMERCADOS;CONFRARIA DO PORTO;RUA EWBANK 01;96200-080;CENTRO;RIO GRANDE;RS
SUPERMERCADOS;CRUZ OLIVEIRA E CIA;RUA BENJAMIN CONSTANT 417;96200-090;CENTRO;RIO GRANDE;RS
SUPERMERCADOS;DOCE SABOR;RUA GENERAL VITORINO 251;96200-310;CENTRO;RIO GRANDE;RS
SUPERMERCADOS;EDUARDO ALMEIDA SARAIVA;RUA VINTE E QUATRO DE MAIO 125;96200-003;CENTRO;RIO GRANDE;RS
SUPERMERCADOS;FELIPE PIRES DE SOUZA;RUA VINTE E QUATRO DE MAIO 56;96200-003;CENTRO;RIO GRANDE;RS
SUPERMERCADOS;FRANGO E ETC;RUA GENERAL NETO 301;96200-300;CENTRO;RIO GRANDE;RS
SUPERMERCADOS;FRUTEIRA MAAS-RIO GRANDE;RUA MAL FLORIANO PEIXOTO 483;96200-380;CENTRO;RIO GRANDE;RS
SUPERMERCADOS;FRUTEIRA STA RITA DE CASSIA;RUA MANOEL PEREIRA DE ALMEIDA 740;96200-440;CENTRO;RIO GRANDE;RS
SUPERMERCADOS;G S M CARNES ESPECIAIS;RUA MORON 250;96200-450;CENTRO;RIO GRANDE;RS
SUPERMERCADOS;GALETERIA NONA HELENA;RUA ANDRADAS 432;96200-030;CENTRO;RIO GRANDE;RS
SUPERMERCADOS;GLAUBER GULART PINHEIRO;RUA AQUIDABAN 700;96200-480;CENTRO;RIO GRANDE;RS
SUPERMERCADOS;GRANPAO PADARIA;RUA VINTE E QUATRO DE MAIO 701;96200-006;CENTRO;RIO GRANDE;RS
SUPERMERCADOS;HI COMERCIAL DE COMBUSTIVEIS;RUA GENERAL NETO 555;96200-010;CENTRO;RIO GRANDE;RS
RESTAURANTE;CAMARAO EXPRESS;AVENIDA ENGENHEIRA LUCIA MARIA BALBELA CHIESA 2842;96216-400;PARQUE RESIDENCIAL SAO PEDRO;RIO GRANDE;RS
RESTAURANTE;SIM - REDE DE POSTOS;RODOVIA BR-392 SN;96224-550;POVO NOVO;RIO GRANDE;RS
RESTAURANTE;ROSANGELA BROQUA DE OLIVEIRA;RUA LINO NEVES 755;96202-600;SALGADO FILHO;RIO GRANDE;RS
RESTAURANTE;CANTINA UNIVERSITARIA RG LTDA ME;AV RHEINGANTZ 91;96202-364;SAO PAULO;RIO GRANDE;RS
RESTAURANTE;QUIOSQUE CHOPP BRAHMA;AVENIDA PRESIDENTE VARGAS 501;96202-336;SAO PAULO;RIO GRANDE;RS
RESTAURANTE;SIM - REDE DE POSTOS;AVENIDA ENGENHEIRA LUCIA MARIA BALBELA CHIESA 3570;96217-820;SENANDES;RIO GRANDE;RS
RESTAURANTE;ABASTECEDORA TAIM;ROD BR 471 KM 530 S/N;96221-000;TAIM;RIO GRANDE;RS
RESTAURANTE;BUFFON 29;SANTOS DUMONT 46;96202-090;VILA JUNCAO;RIO GRANDE;RS
RESTAURANTE;GIOVANE PINTO FERREIRA ME;RUA PINTO BANDEIRA 1253;96212-234;VILA JUNCAO;RIO GRANDE;RS
RESTAURANTE;MARCIO DANIEL BUCHWEITZ;AVENIDA JOSE BONIFACIO 240;96202-010;VILA JUNCAO;RIO GRANDE;RS
RESTAURANTE;VANESSA CRIZEL DE ARAUJO ME;AV PRES VARGAS 886;96202-188;VILA JUNCAO;RIO GRANDE;RS
RESTAURANTE;MICHELE COSTA MACHADO ME;AV ITALIA 0;96203-000;VILA MARIA JOSE;RIO GRANDE;RS
RESTAURANTE;P M;RUA MANOEL GONZALES LOPES 612;96213-240;VILA SAO JOAO;RIO GRANDE;RS
RESTAURANTE;CANTINA DUCAPO EIRELI ME;RUA JOCKEY CLUBE 343;96212-730;VILA SAO MIGUEL;RIO GRANDE;RS
RESTAURANTE;D FEIRA MIX FOOD PORTAGE;RUA JOCKEY CLUBE 155;96212-730;VILA SAO MIGUEL;RIO GRANDE;RS
SUPERMERCADOS;IVONEZIA DE ALMEIDA SILVA;RUA LUIZ LOREA 563;96200-350;CENTRO;RIO GRANDE;RS
SUPERMERCADOS;J NIL;RUA VINTE E QUATRO DE MAIO 186;96200-003;CENTRO;RIO GRANDE;RS
SUPERMERCADOS;M F BALLESTER;AVENIDA RHEINGANTZ 51;96202-110;CENTRO;RIO GRANDE;RS
SUPERMERCADOS;MARIA HELENA DE TUNES MARTINS;RUA VINTE E QUATRO DE MAIO 2160A;96200-003;CENTRO;RIO GRANDE;RS
SUPERMERCADOS;MASTER BEEF;R DR NASCIMENTO, 439;96200-300;CENTRO;RIO GRANDE;RS
SUPERMERCADOS;MATERIA PRIMA;AVENIDA SILVA PAES 397;96200-340;CENTRO;RIO GRANDE;RS
SUPERMERCADOS;MATERIA PRIMA;RUA AQUIDABAN 659 A;96200-480;CENTRO;RIO GRANDE;RS
SUPERMERCADOS;MATERIA PRIMA;RUA BENJAMIN CONSTANT 119;96200-090;CENTRO;RIO GRANDE;RS
SUPERMERCADOS;MERLADETTI E MACHADO LTDA;AVENIDA PEDRO II 153;96201-010;CENTRO;RIO GRANDE;RS
SUPERMERCADOS;MINI MERCADO CRUZ;RUA DR NASCIMENTO 371 371;96200-310;CENTRO;RIO GRANDE;RS
SUPERMERCADOS;MINI MERCADO SAO JORGE;RUA VICE-ALMIRANTE ABREU 650;96200-270;CENTRO;RIO GRANDE;RS
SUPERMERCADOS;MR BATATA;RUA AQUIDABAN 746;96200-480;CENTRO;RIO GRANDE;RS
SUPERMERCADOS;MULTICARNES-RIO GRANDE;C CAMARA  258;96200-320;CENTRO;RIO GRANDE;RS
SUPERMERCADOS;MULTICARNES-RIO GRANDE FIL 01;RUA GENERAL CAMARA 258;96200-320;CENTRO;RIO GRANDE;RS
SUPERMERCADOS;NACIONAL RIO GRANDE-F.PEIXOTO;RUA MAL FLORIANO PEIXOTO 313;96205-190;CENTRO;RIO GRANDE;RS
RESTAURANTE;MAZBAH EXPRESS;RUA JOCKEY CLUBE 343;96212-730;VILA SAO MIGUEL;RIO GRANDE;RS
RESTAURANTE;SUBWAY;RUA JOCKEY CLUBE 155;96212-730;VILA SAO MIGUEL;RIO GRANDE;RS
SUPERMERCADOS;PADARIA GAUCHA;RUA AQUIDABAN 757;96200-480;CENTRO;RIO GRANDE;RS
SUPERMERCADOS;PADARIA LUSO BRASILEIRA;RUA BENJAMIN CONSTANT 241;96200-090;CENTRO;RIO GRANDE;RS
SUPERMERCADOS;PADARIA SUPER PAO LTDA ME;RUA AQUIDABAN 663;96200-480;CENTRO;RIO GRANDE;RS
SUPERMERCADOS;PANEDORO PAES E CONVENIENCIAS;RUA LUIZ LOREA 441;96200-350;CENTRO;RIO GRANDE;RS
SUPERMERCADOS;PEIXARIA BEIRA MAR COMERCIO DE PESCADOS LTDA;RUA GENERAL OSORIO 23;96200-400;CENTRO;RIO GRANDE;RS
SUPERMERCADOS;PEIXARIA OSORIO;RUA GENERAL OSORIO SN;96200-400;CENTRO;RIO GRANDE;RS
SUPERMERCADOS;PETRUZZI;RUA GENERAL BACELAR 193;96200-370;CENTRO;RIO GRANDE;RS
SUPERMERCADOS;PLANETARIOS;RUA GENERAL BACELAR 355;96200-370;CENTRO;RIO GRANDE;RS
SUPERMERCADOS;PONTO Z;AV MAJOR CARLOS PINTO 321;96211-021;CENTRO;RIO GRANDE;RS
SUPERMERCADOS;PORTO DAS DELICIAS;RUA DUQUE DE CAXIAS 375;96200-020;CENTRO;RIO GRANDE;RS
SUPERMERCADOS;POSTO DA LOMBA;RUA APPELES DE PORTO ALEGRE 53;96200-060;CENTRO;RIO GRANDE;RS
SUPERMERCADOS;POSTO ESTORIL;RUA BENJAMIN CONSTANT 14;96200-090;CENTRO;RIO GRANDE;RS
SUPERMERCADOS;POSTOS ONGARATTO;RUA APELLES PORTO ALEGRE 53;96200-060;CENTRO;RIO GRANDE;RS
SUPERMERCADOS;POSTOS ONGARATTO;RUA GENERAL NETO 555;96200-010;CENTRO;RIO GRANDE;RS
SUPERMERCADOS;ROBERTO SENTANA;RUA GENERAL NETO 489;96200-010;CENTRO;RIO GRANDE;RS
SUPERMERCADOS;S ANTUNES E MENDES;AVENIDA SILVA PAES 252;96200-340;CENTRO;RIO GRANDE;RS
SUPERMERCADOS;SAPPORI DI MILANO;RUA MAL FLORIANO PEIXOTO 522;96207-390;CENTRO;RIO GRANDE;RS
SUPERMERCADOS;SHOPPING GRELHADOS;RUA AQUIDABAN 714;96200-480;CENTRO;RIO GRANDE;RS
SUPERMERCADOS;SONIA MARIA PORTA NOVA DE OLIVEIRA;RUA VISCONDE DE PARANAGUA 270;96200-190;CENTRO;RIO GRANDE;RS
SUPERMERCADOS;TANIA MARIA WOLLNGHAUPT AIRES;AVENIDA SILVA PAES 440;96200-340;CENTRO;RIO GRANDE;RS
SUPERMERCADOS;VILLA FRANCISCA;RUA GENERAL BACELAR 309;96200-370;CENTRO;RIO GRANDE;RS
SUPERMERCADOS;EBERSON DE CASTRO SARAIVA;AV E 252;96214-612;CIDADE DE AGUEDA;RIO GRANDE;RS
SUPERMERCADOS;ABASTECEDORA PORTUGAL;AV PORTUGAL 0;96211-041;CIDADE NOVA;RIO GRANDE;RS
SUPERMERCADOS;ABELHINHA PAES E DOCES;RUA DOMINGOS DE ALMEIDA 400;96211-580;CIDADE NOVA;RIO GRANDE;RS
SUPERMERCADOS;ARMAZEM 24 HORAS;RUA AUGUSTO DUPRAT 326;96211-050;CIDADE NOVA;RIO GRANDE;RS
SUPERMERCADOS;BOUTIQUE DA CARNE;RUA CRISTOVAO COLOMBO 254;96211-510;CIDADE NOVA;RIO GRANDE;RS
SUPERMERCADOS;CASA DE CARNES CANGUCU;RUA TIRADENTES 341;96211-080;CIDADE NOVA;RIO GRANDE;RS
SUPERMERCADOS;CASA DE CARNES MAUA;RUA VISCONDE DE MAUA 679;96211-030;CIDADE NOVA;RIO GRANDE;RS
SUPERMERCADOS;CASA SOARES;AVENIDA CIDADE DE PELOTAS 333;96211-000;CIDADE NOVA;RIO GRANDE;RS
SUPERMERCADOS;COMERCIAL FERREIRA;RUA JOAO SALOMAO 7;96211-200;CIDADE NOVA;RIO GRANDE;RS
SUPERMERCADOS;EMAN COM DE GEN ALIMENTICIOS LTDA;AVENIDA MAJOR CARLOS PINTO 498;96211-020;CIDADE NOVA;RIO GRANDE;RS
SUPERMERCADOS;GAUCHA FIAMBRES;RUA VISCONDE DO RIO GRANDE 340;96211-490;CIDADE NOVA;RIO GRANDE;RS
SUPERMERCADOS;KY FRANGO COMERCIO DE FRANGOS LTDA ME;RUA PELOTAS 96;96207-580;CIDADE NOVA;RIO GRANDE;RS
SUPERMERCADOS;LARISSA SILVEIRA LEMOS;AVENIDA PORTUGAL 238;96211-041;CIDADE NOVA;RIO GRANDE;RS
SUPERMERCADOS;M C DA S MINUTO ME;RUA CRISTOVAO COLOMBO 351;96211-510;CIDADE NOVA;RIO GRANDE;RS
SUPERMERCADOS;M E B DISTRIBUIDORA DE ALIMENTOS;AV PRESIDENTE VARGAS 914;96202-100;CIDADE NOVA;RIO GRANDE;RS
SUPERMERCADOS;MERCADO TARUMA;R DOMINGOS DE ALMEIDA 500;96200-970;CIDADE NOVA;RIO GRANDE;RS
SUPERMERCADOS;MERCEARIA E FRUTEIRA HOLZ;RUA PADRE FEIJO 205;96211-520;CIDADE NOVA;RIO GRANDE;RS
SUPERMERCADOS;MINI MERCADO MAUA;RUA VISCONDE DE MAUA 288;96211-030;CIDADE NOVA;RIO GRANDE;RS
SUPERMERCADOS;MINIMERCADO GULARTE;AV CIDADE DE PELOTAS 1102;96211-000;CIDADE NOVA;RIO GRANDE;RS
SUPERMERCADOS;NAIRLAINE DA ROSA OLEIRO;AV CIDADE DE PELOTAS 1233;96211-020;CIDADE NOVA;RIO GRANDE;RS
SUPERMERCADOS;PADARIA COLOMBO;RUA CRISTOVAO COLOMBO 550;96211-510;CIDADE NOVA;RIO GRANDE;RS
SUPERMERCADOS;PADARIA DO CANALETE;AVENIDA MAJOR CARLOS PINTO 329;96211-021;CIDADE NOVA;RIO GRANDE;RS
SUPERMERCADOS;PADARIA GUARANY;RUA VISCONDE DE MAUA 301;96211-030;CIDADE NOVA;RIO GRANDE;RS
SUPERMERCADOS;PADARIA NOSSA SENHORA DE FATIMA;RUA DOMINGOS DE ALMEIDA 400;96211-580;CIDADE NOVA;RIO GRANDE;RS
SUPERMERCADOS;PADARIA RIO;RUA CRISTOVAO COLOMBO 318;96211-510;CIDADE NOVA;RIO GRANDE;RS
SUPERMERCADOS;PADARIA SANTA LUZIA;RUA BENTO GONCALVES 471;96200-000;CIDADE NOVA;RIO GRANDE;RS
SUPERMERCADOS;PANIFICIO JUNIOR;RUA GENERAL ABREU 303;96211-102;CIDADE NOVA;RIO GRANDE;RS
SUPERMERCADOS;PONTO KENTE;AVENIDA CIDADE DE PELOTAS 44;96211-000;CIDADE NOVA;RIO GRANDE;RS
SUPERMERCADOS;POSTO ONGARATTO;RUA CRISTOVAO COLOMBO 342;96211-510;CIDADE NOVA;RIO GRANDE;RS
SUPERMERCADOS;QUITANDA DO PORTUGUES;AVENIDA MAJOR CARLOS PINTO 531;96211-021;CIDADE NOVA;RIO GRANDE;RS
SUPERMERCADOS;QUITANDA SCHERDIEN;RUA MARECHAL DEODORO 441;96211-480;CIDADE NOVA;RIO GRANDE;RS
SUPERMERCADOS;S J MERCEARIA;RUA DOMINGOS DE ALMEIDA 305;96200-970;CIDADE NOVA;RIO GRANDE;RS
SUPERMERCADOS;SUPERMERCADO VERDE AMARELO-RIO GDE;AV PORTUGAL  50;96211-040;CIDADE NOVA;RIO GRANDE;RS
SUPERMERCADOS;MINI MERCADO CASTANHA-RIO GRANDE;MINAS GERAIS  410;96211-660;COHAB I;RIO GRANDE;RS
SUPERMERCADOS;MINI MERCADO VALDIR;RUA MARQUES DE MARICA, 503;96211-680;COHAB I;RIO GRANDE;RS
SUPERMERCADOS;MINIMERCADO MINUANO;RUA JOSE VERISSIMO 509;96211-700;COHAB I;RIO GRANDE;RS
SUPERMERCADOS;IGOR DA SILVA FARIAS;RUA MENDES NETO 499;96211-450;COHAB II;RIO GRANDE;RS
SUPERMERCADOS;MARIANO LEAL ESCOUTO;RUA TOBIAS BARRETO 365;96211-420;COHAB II;RIO GRANDE;RS
SUPERMERCADOS;ARY SCHULZ MULLER;RUA OLEGARIO DOS SANTOS FERREIRA 62 0;96200-970;COHAB IV;RIO GRANDE;RS
SUPERMERCADOS;CHARLES BIERHALS MULLER ME;RUA OLEGARIO DOS SANTOS FERREIRA 62;96214-308;COHAB IV;RIO GRANDE;RS
SUPERMERCADOS;CRISLU MERCADO;JUAN LOPPART 828;96200-974;COHAB IV;RIO GRANDE;RS
SUPERMERCADOS;MERCEARIA SCHNEID;RUA DOS IMIGRANTES 35;96200-970;COHAB IV;RIO GRANDE;RS
SUPERMERCADOS;MINI MERCADO A E D;RUA OLEGARIO DOS SANTOS FERREIRA 62;96214-308;COHAB IV;RIO GRANDE;RS
SUPERMERCADOS;PAULO SERGIO SALES KEPPS;RUA DINARTE LUZ ALVES 51;96214-310;COHAB IV;RIO GRANDE;RS
SUPERMERCADOS;FIAMBRERIA ARGENTINA;AV ARGENTINA 723;96212-000;ERNESTO BUCHOLS;RIO GRANDE;RS
SUPERMERCADOS;M I A PEDROSO;AV BRASIL 351;96212-150;ERNESTO BUCHOLS;RIO GRANDE;RS
SUPERMERCADOS;COMERCIAL PORTINHO;AVENIDA BRASIL 602;96212-150;ERNESTO BUCHOLZ;RIO GRANDE;RS
SUPERMERCADOS;VALQUIRIA PIMENTEL DA SILVA;AVENIDA ALMIRANTE MAXIMIANO FONSECA 1004;96204-040;ESTRADA DA BARRA;RIO GRANDE;RS
SUPERMERCADOS;COMERSUL;AV BRASIL 555;96212-150;FREDERICO BUCHOLZ;RIO GRANDE;RS
SUPERMERCADOS;GUSTAVO DE OLIVEIRA SCHERDIEN;AV URUGUAI 1314;96200-970;FREDERICO E BUCHHOLZ;RIO GRANDE;RS
SUPERMERCADOS;BUFFON 40;AV ARGENTINA 240;96212-000;FREDERICO ERNESTO BU;RIO GRANDE;RS
SUPERMERCADOS;ACOUGUEIRO DO MIRO;RUA COSTA RICA 603;96212-020;FREDERICO ERNESTO BUCHHOLZ;RIO GRANDE;RS
SUPERMERCADOS;ARMAZEM SEM RIVAL;RUA REPUBLICA DE CUBA 527;96212-060;FREDERICO ERNESTO BUCHHOLZ;RIO GRANDE;RS
SUPERMERCADOS;BELA COMPRA;AV BRASIL 555;96212-150;FREDERICO ERNESTO BUCHHOLZ;RIO GRANDE;RS
SUPERMERCADOS;COMERCIO MARQUES;RUA CACHOEIRA DO IGUACU 602;96212-070;FREDERICO ERNESTO BUCHHOLZ;RIO GRANDE;RS
SUPERMERCADOS;JULLIAN GABRIEL DA COSTA DANTAS;AV BRASIL 700;96212-150;FREDERICO ERNESTO BUCHHOLZ;RIO GRANDE;RS
SUPERMERCADOS;LOJA CONFEC BAZAR E CONVEN DUARTE;AVENIDA URUGUAI 954;96211-240;FREDERICO ERNESTO BUCHHOLZ;RIO GRANDE;RS
SUPERMERCADOS;MARCELO CASA DE CARNES;RUA ACRE 361;96212-080;FREDERICO ERNESTO BUCHHOLZ;RIO GRANDE;RS
SUPERMERCADOS;CASA BIRDS;RUA SENADOR ALBERTO PASQUALINI 429;96201-050;GETULIO VARGAS;RIO GRANDE;RS
SUPERMERCADOS;CASA DE CARNES CACO;RUA DOUTOR MARCIANO ESPINDOLA 242;96201-180;GETULIO VARGAS;RIO GRANDE;RS
SUPERMERCADOS;EP DE OLIVEIRA ALIMENTOS;RUA DOUTOR MARCIANO ESPINDOLA 231;96201-180;GETULIO VARGAS;RIO GRANDE;RS
SUPERMERCADOS;MERCADO MORTOLA;RUA PROF ANTENOR MONTEIRO 249;96201-090;GETULIO VARGAS;RIO GRANDE;RS
SUPERMERCADOS;PATRICIA DA SILVA ANTUNES;RUA DOUTOR MARCIANO ESPINDOLA 236;96201-180;GETULIO VARGAS;RIO GRANDE;RS
SUPERMERCADOS;MISTER X;AV PRESIDENTE VARGAS 932;96200-970;HIDRAULICA;RIO GRANDE;RS
SUPERMERCADOS;TIAGO CRUZ BAES ME;RUA AMAPA 311;96212-160;HIDRAULICA;RIO GRANDE;RS
SUPERMERCADOS;FATIMA GONDRAN RAMOS;ALAMEDA URUGUAY 75;96203-040;JARDIM HUMAITA;RIO GRANDE;RS
SUPERMERCADOS;MINIMERCADO TRINDADE;RUA ANGELO TRINDADE 1694 1694;96203-160;JARDIM HUMAITA;RIO GRANDE;RS
SUPERMERCADOS;SUPER COMERSUL;ALAMEDA URUGUAI 75;96203-040;JARDIM HUMAITA;RIO GRANDE;RS
SUPERMERCADOS;MINI MERCADO MENEGAT;RUA JOSE BONIFACIO 186;96202-010;JUNCAO;RIO GRANDE;RS
SUPERMERCADOS;PANIFICIO PAO PAO;RUA JOSE BONIFACIO 246 COMP 242;96202-010;JUNCAO;RIO GRANDE;RS
SUPERMERCADOS;POSTO DO TIGRE;AVENIDA ITALIA 1200;96203-000;JUNCAO;RIO GRANDE;RS
SUPERMERCADOS;SIM REDE DE POSTOS;AV PRESIDENTE VARGAS 946;96202-188;JUNCAO;RIO GRANDE;RS
SUPERMERCADOS;MINIMERCADO SE;RUA VISCONDE DO RIO BRANCO 1038;96211-012;LAGOA;RIO GRANDE;RS
SUPERMERCADOS;POSTO ESTORIL;RUA COMENDADOR HENRIQUE PANCADA 753;96211-330;LAGOA;RIO GRANDE;RS
SUPERMERCADOS;MINI MERCADO CASTANHA-RIO GRANDE;RUA MINAS GERAIS 410;96211-660;MIGUEL DE CASTRO;RIO GRANDE;RS
SUPERMERCADOS;ACOUGUE E MINI MERCADO JR;RUA MINAS GERAIS 692;96211-660;MIGUEL DE CASTRO MOREIRA;RIO GRANDE;RS
SUPERMERCADOS;ARMAZEM MENDES;RUA ERNESTO ALVES 363;96211-650;MIGUEL DE CASTRO MOREIRA;RIO GRANDE;RS
SUPERMERCADOS;ARMAZEN E PADARIA DO MONTE;RUA MINAS GERAIS 428;96211-660;MIGUEL DE CASTRO MOREIRA;RIO GRANDE;RS
SUPERMERCADOS;HELEM CARDOSO DA ROSA ME;RUA DOM BOSCO 699;96211-644;MIGUEL DE CASTRO MOREIRA;RIO GRANDE;RS
SUPERMERCADOS;MERCADO SCHMIDT;RUA SALDANHA MARINHO 732;96211-630;MIGUEL DE CASTRO MOREIRA;RIO GRANDE;RS
SUPERMERCADOS;MINIMERCADO DUARTE;RUA MINAS GERAIS 509;96211-660;MIGUEL DE CASTRO MOREIRA;RIO GRANDE;RS
SUPERMERCADOS;RIO SUL CARNES E CONVENIENCIAS;RUA DOM BOSCO 466;96211-091;MIGUEL DE CASTRO MOREIRA;RIO GRANDE;RS
SUPERMERCADOS;PAULO F AGOSTINHO DE SOUZA-RIO GDE;VISCONDE DE MAUA 1113;96211-030;MUNICIPAL;RIO GRANDE;RS
SUPERMERCADOS;MINIMERCADO 300;RUA ALM TAMANDARE 300;96202-570;NAVEGANTES;RIO GRANDE;RS
SUPERMERCADOS;RF GAS;RUA ERNANI FORNARI 100;96202-420;NAVEGANTES;RIO GRANDE;RS
SUPERMERCADOS;CIA DO PAO-RIO GRANDE;AV PRESIDENTE VARGAS 674;96202-100;PARQUE;RIO GRANDE;RS
SUPERMERCADOS;MAXXI RIO GRANDE;AV PRESIDENTE VARGAS 803;96202-100;PARQUE;RIO GRANDE;RS
SUPERMERCADOS;MERCEARIA DO PARQUE;AV PRESIDENTE VARGAS 394;96202-100;PARQUE;RIO GRANDE;RS
SUPERMERCADOS;MINI MERCADO POPULAR;AV PRES VARGAS 786;96202-100;PARQUE;RIO GRANDE;RS
SUPERMERCADOS;PADARIA DO PARQUE;AVENIDA PRESIDENTE VARGAS 361;96202-100;PARQUE;RIO GRANDE;RS
SUPERMERCADOS;TRANSCOLLARES;AV PRESIDENTE VARGAS 365;96202-188;PARQUE;RIO GRANDE;RS
SUPERMERCADOS;ACOUGUE E MERCEARIA TCHE;RUA VELEIROS 248;96215-050;PARQUE MARINHA;RIO GRANDE;RS
SUPERMERCADOS;ALDIMARA CHAPLIM DA SILVA;AV ENSEADAS, DAS 121;96215-410;PARQUE MARINHA;RIO GRANDE;RS
SUPERMERCADOS;ALEX SANDER GINAR MARTINS ME;RUA CARAVELAS, DAS 59;96215-400;PARQUE MARINHA;RIO GRANDE;RS
SUPERMERCADOS;ATLANTICA SUPERMERCADOS;AV GRANDES LAGOS, DOS 61;96215-010;PARQUE MARINHA;RIO GRANDE;RS
SUPERMERCADOS;CARLOS TAVARES CONVENIENCIAS;AV ARQUIPELAGOS, DOS 140;96215-000;PARQUE MARINHA;RIO GRANDE;RS
SUPERMERCADOS;CASA DE CARNES BOIADEIRO;RUA CARAVELAS, DAS 138;96215-400;PARQUE MARINHA;RIO GRANDE;RS
SUPERMERCADOS;CLEITON FIDALGO DA CRUZ ME;RUA PRAIA, DA 36;96215-730;PARQUE MARINHA;RIO GRANDE;RS
SUPERMERCADOS;COMERCIAL BOM PRECO;AV DOS GRANDES LAGOS 101;96215-010;PARQUE MARINHA;RIO GRANDE;RS
SUPERMERCADOS;GIOVANA VAZ;RUA  DOS CORAIS 23;96215-800;PARQUE MARINHA;RIO GRANDE;RS
SUPERMERCADOS;LEANDRO DA SILVA CERCHIARO ME;AV ARQUIPELAGOS, DOS 255;96215-000;PARQUE MARINHA;RIO GRANDE;RS
SUPERMERCADOS;MAGDA ROSANE MARQUES NUNES;AV DOS ARQUIPELAGOS 234;96215-000;PARQUE MARINHA;RIO GRANDE;RS
SUPERMERCADOS;MARCELO C DA SILVA;AVENIDA OCEANOS, DOS 172;96215-340;PARQUE MARINHA;RIO GRANDE;RS
SUPERMERCADOS;MERCADO BAGE;RUA CORAIS, DOS 23;96215-800;PARQUE MARINHA;RIO GRANDE;RS
SUPERMERCADOS;MERCADO TAVARES;RUA DOS CORAIS 23;96215-800;PARQUE MARINHA;RIO GRANDE;RS
SUPERMERCADOS;MERCADO VEM QUE TEM-RIO GRANDE;AV DOS ARQUIPELAGOS 255;96215-000;PARQUE MARINHA;RIO GRANDE;RS
SUPERMERCADOS;MERCEARIA  MEU CANTINHO;RUA DAS CARAVELAS 59;96215-400;PARQUE MARINHA;RIO GRANDE;RS
SUPERMERCADOS;MERCEARIA BOM PRECO;AVENIDA GRANDES LAGOS, DOS 101;96215-010;PARQUE MARINHA;RIO GRANDE;RS
SUPERMERCADOS;MERCEARIA CINCO ESTRELAS-RIO GRANDE;RUA LAGUNA 351;96215-520;PARQUE MARINHA;RIO GRANDE;RS
SUPERMERCADOS;MERCEARIA E ACOUGUE MORENO;RUA PRAIA, DA 36;96215-730;PARQUE MARINHA;RIO GRANDE;RS
SUPERMERCADOS;MERCEARIA QUASE TUDO;AV DOS ARQUIPELOGOS 140;96200-970;PARQUE MARINHA;RIO GRANDE;RS
SUPERMERCADOS;MERCEARIA SANTOS;AVENIDA OCEANOS 142;96215-340;PARQUE MARINHA;RIO GRANDE;RS
SUPERMERCADOS;MILLENIUNN PARQUE MARINHA;AVENIDA ARQUIPELAGOS, DOS 140;96215-000;PARQUE MARINHA;RIO GRANDE;RS
SUPERMERCADOS;MINI MERC ACOUGUE IRMAOS MARIO;AV DOS GRANDES LAGOS  151;96215-010;PARQUE MARINHA;RIO GRANDE;RS
SUPERMERCADOS;MINI MERCADO 05 ESTRELAS;AVENIDA OCEANOS 93;96215-340;PARQUE MARINHA;RIO GRANDE;RS
SUPERMERCADOS;MINI MERCADO SILVA;RUA DAS ANCORAS 207;96215-560;PARQUE MARINHA;RIO GRANDE;RS
SUPERMERCADOS;MINIMERCADO 3 IRMAS;RUA DAS JANGADAS 351;96215-030;PARQUE MARINHA;RIO GRANDE;RS
SUPERMERCADOS;MINIMERCADO MEU CANTINHO;RUA MAR MEDITERRANEO 401 QD 100;96215-390;PARQUE MARINHA;RIO GRANDE;RS
SUPERMERCADOS;PADARIA DA CATARINA;AV ARQUIPELAGOS, DOS 164;96215-000;PARQUE MARINHA;RIO GRANDE;RS
SUPERMERCADOS;PEDRO PEDRON;RODOVIA BR-392 SN;96215-840;PARQUE MARINHA;RIO GRANDE;RS
SUPERMERCADOS;QUEBRA GALHO;AV ENSEADAS, DAS 121;96215-410;PARQUE MARINHA;RIO GRANDE;RS
SUPERMERCADOS;SUPER SUL;AV OCEANOS, DOS 172;96215-340;PARQUE MARINHA;RIO GRANDE;RS
SUPERMERCADOS;MERCEARIA E PADARIA DA JUJU;AV OSVALDO ARANHA 120;96202-020;PARQUE RESIDENCIAL COELHO;RIO GRANDE;RS
SUPERMERCADOS;GELADOS DAL SOTO LTDA ME;AV ENGENHEIRA LUCIA MARIA BALBELA CHIESA 2842;96216-400;PARQUE RESIDENCIAL SAO PEDRO;RIO GRANDE;RS
SUPERMERCADOS;COMERCIAL MILENIO;OSVALDO MAITENSEN 262;96216-240;PARQUE SAO PEDRO;RIO GRANDE;RS
SUPERMERCADOS;LIPE E CILA;AV OSVALDO MARTENSEN 121;96201-180;PARQUE SAO PEDRO;RIO GRANDE;RS
SUPERMERCADOS;ACOUGUE E MINIMERCADO JACQUES;AV PAZ, DA 27;96224-582;POVO NOVO;RIO GRANDE;RS
SUPERMERCADOS;GILBERTO ANTONIO MENDES;TV CINCOENTA 168;96224-000;POVO NOVO;RIO GRANDE;RS
SUPERMERCADOS;MINI MERCADO DOIS IRMAOS;RUA ANTONIO SOUZA NETO 367;96200-970;POVO NOVO;RIO GRANDE;RS
SUPERMERCADOS;MINIMERCADO MENDES;RUA CEL MARCELINO 174;96224-000;POVO NOVO;RIO GRANDE;RS
SUPERMERCADOS;ROSELI PEREIRA ERUTES;RUA PRINCIPAL 308;96204-050;QUARTA SECAO DA BARRA;RIO GRANDE;RS
SUPERMERCADOS;MINIMERCADO BIDI;RUA PRINCIPAL 305;96204-050;QUARTA SECCAO DA BARRA;RIO GRANDE;RS
SUPERMERCADOS;COMERCIAL NOVO MILLENIUNN;AV BRASIL 1519;96210-010;QUERENCIA;RIO GRANDE;RS
SUPERMERCADOS;GILCEMARA VARAL ALEXANDRE;RUA DOS PESCADORES 47;96210-070;QUERENCIA;RIO GRANDE;RS
SUPERMERCADOS;MERCEARIA CINCO ESTRELAS;AV BRASIL  1514;96210-010;QUERENCIA;RIO GRANDE;RS
SUPERMERCADOS;ACOUGUE QUINTENSE;RUA CEL SALGADO 431;96222-137;QUINTA;RIO GRANDE;RS
SUPERMERCADOS;MERCADO DUTRA;TRV VINTE E UM 49;96222-000;QUINTA;RIO GRANDE;RS
SUPERMERCADOS;MERCADO SR;RUA TRES (QUINTINHA) 750;96222-646;QUINTA;RIO GRANDE;RS
SUPERMERCADOS;MINI MERCADO DO GORDO;TRAVESSA 20;96222-000;QUINTA;RIO GRANDE;RS
SUPERMERCADOS;MINIMERCADO ALVORADA;RUA CORONEL SALGADO 397;96222-000;QUINTA;RIO GRANDE;RS
SUPERMERCADOS;MINIMERCADO DO GORDO EIRELI;EST ILHA DO LEONIDIO 150;96220-000;QUINTA;RIO GRANDE;RS
SUPERMERCADOS;MINIMERCADO BEIERSDORFF;RUA PANDIA CALOGERAS 1095;96213-020;RECREIO;RIO GRANDE;RS
SUPERMERCADOS;ALEJANDRA CAPA VERDE E CIA LTDA;RUA ALLAN KARDEC 782;96202-690;SALGADO FILHO;RIO GRANDE;RS
SUPERMERCADOS;POSTO DO HIPER;RUA SENADOR SALGADO FILHO 210;96201-610;SALGADO FILHO;RIO GRANDE;RS
SUPERMERCADOS;MARCIA ANDREIA KLITZKE;RUA NOVE (PROFILURB II) 627;96213-530;SANTA RITA DE CASSIA;RIO GRANDE;RS
SUPERMERCADOS;MINIMERCADO E ACOUGUE VITORIA;AV BELO BRUM 2418;96214-360;SANTA ROSA;RIO GRANDE;RS
SUPERMERCADOS;LUIS FERNANDO DUTRA DE ALMEIDA;RUA MARECHAL RONDON 248;96201-330;SANTA TEREZA;RIO GRANDE;RS
SUPERMERCADOS;POSTO DO PORTO;RUA ENGENHEIRO HEITOS AMARO BARCELOS 67;96202-010;SANTA TEREZA;RIO GRANDE;RS
SUPERMERCADOS;MERCADO MIELKE;RUA PADRE ALIEVI 483;96213-070;SAO JOAO;RIO GRANDE;RS
SUPERMERCADOS;MINI MERCADO DO CLEIDI;RUA PADRE ALIEVI  490;96213-070;SAO JOAO;RIO GRANDE;RS
SUPERMERCADOS;MINI MERCADO SANTA RITA;RUA LEOPOLDO FROES 524;96213-200;SAO JOAO;RIO GRANDE;RS
SUPERMERCADOS;COMERCIAL PEREIRA;RUA CRISTOVAO PEREIRA 202;96200-970;SAO MIGUEL;RIO GRANDE;RS
SUPERMERCADOS;MERCEARIA QUINTANA;RUA PANDIA CALOGERAS  348;96212-020;SAO MIGUEL;RIO GRANDE;RS
SUPERMERCADOS;MINIMERCADO PEREIRA;CRISTOVAO PEREIRA 210;96212-710;SAO MIGUEL;RIO GRANDE;RS
SUPERMERCADOS;MINIMERCADO PROGRESSO;RUA ROBERTO SOCOOWISKI 50;96212-760;SAO MIGUEL;RIO GRANDE;RS
SUPERMERCADOS;MINIMERCADO SB;RUA ROBERTO SOCOWISKI 482;96212-760;SAO MIGUEL;RIO GRANDE;RS
SUPERMERCADOS;TANIA E VERA CONFECCOES;RUA FRANCISCO PASTORE 121;96202-340;SAO PAULO;RIO GRANDE;RS
SUPERMERCADOS;MERCADO BELA VISTA;RUA PEDRO DE SA FREITAS 402;96212-360;VILA BRAZ;RIO GRANDE;RS
SUPERMERCADOS;MERCEARIA ACOSTA;RUA GAMAL ABDEL NASSER 465;96212-290;VILA BRAZ;RIO GRANDE;RS
SUPERMERCADOS;ACOUGUE E MERCADO POPULAR;RUA CORONEL SALGADO 214;96222-000;VILA DA QUINTA;RIO GRANDE;RS
SUPERMERCADOS;ANDREA CORDEIRO SALUM;RUA VIRGILIO PORCIUNCULA 139 0;96222-000;VILA DA QUINTA;RIO GRANDE;RS
SUPERMERCADOS;MINIMERCADO AVILA;RUA TRES QUINTA 750;96222-000;VILA DA QUINTA;RIO GRANDE;RS
SUPERMERCADOS;ROSILENE RAMIRES SOUZA;RUA PEDRO DE SA FREITAS;96212-360;VILA EULALIA;RIO GRANDE;RS
SUPERMERCADOS;MINIMERCADO  4 M S;RUA CALDAS JUNIOR 863;96211-720;VILA HIDRAULICA;RIO GRANDE;RS
SUPERMERCADOS;NAIGUEL SILVA DE OLIVEIRA;RUA ALTAMIR DE LACERDA NASCIMENTO 805;96211-280;VILA HIDRAULICA;RIO GRANDE;RS
SUPERMERCADOS;SUPER MINI FAROL;RUA ALTAMIRO DE LACERDA NASCIMENTO 805;96211-280;VILA HIDRAULICA;RIO GRANDE;RS
SUPERMERCADOS;A M L DE OLIVEIRA;AV SANTOS DUMONT 653;96202-090;VILA JUNCAO;RIO GRANDE;RS
SUPERMERCADOS;MARCIA REGINA GRANELLO COSTA;AVENIDA JOSE BONIFACIO 160;96202-010;VILA JUNCAO;RIO GRANDE;RS
SUPERMERCADOS;MERCADO BIERHALS;RUA PINTO BANDEIRA 244;96212-470;VILA JUNCAO;RIO GRANDE;RS
SUPERMERCADOS;NILTON DUTRA DE AGUIAR;RUA PINTO BANDEIRA 316;96212-470;VILA JUNCAO;RIO GRANDE;RS
SUPERMERCADOS;NILTON GOMES GOULART ME;AV JOSE BONIFACIO 186;96202-010;VILA JUNCAO;RIO GRANDE;RS
SUPERMERCADOS;RICARDO FILLMANN LEGUISAMO E CIA LTDA ME;AV JOSE BONIFACIO 186;96202-010;VILA JUNCAO;RIO GRANDE;RS
SUPERMERCADOS;MERCADO SAO LUIZ;RUA ADVOGADO VICTOR SACAVEN 125;96203-350;VILA LEONIDAS;RIO GRANDE;RS
SUPERMERCADOS;DIEGO RENAN DE LATORRE GONCALVES;AV ITALIA 1445;96203-295;VILA MARIA;RIO GRANDE;RS
SUPERMERCADOS;G M RIBEIRO E CIA LTDA ME;RUA PEDRO ROCHA ANDRADE 39;96203-400;VILA MARIA;RIO GRANDE;RS
SUPERMERCADOS;J L CRIZEL E CIA LTDA-RIO GRANDE;RUA PROF ALBERTO DE SA  1352;96200-000;VILA MARIA;RIO GRANDE;RS
SUPERMERCADOS;MERCADO REDENTOR;RUA PEDRO ROCHA ANDRADE 39;96203-400;VILA MARIA;RIO GRANDE;RS
SUPERMERCADOS;BEIRA MAR;RUA ANGELO TRINDADE (PRQ HUMAITA) 138;96203-160;VILA MARIA JOSE;RIO GRANDE;RS
SUPERMERCADOS;CAMPELLO E FREITAS LTDA;AV ITALIA 2111;96203-000;VILA MARIA JOSE;RIO GRANDE;RS
SUPERMERCADOS;COMERCIAL LARROQUE;RUA ANGELO TRINDADE (PRQ HUMAITA) 1794;96203-160;VILA MARIA JOSE;RIO GRANDE;RS
SUPERMERCADOS;MERCEARIA SAO JORGE;RUA TREZE (PRQ HUMAITA) 1790;96203-160;VILA MARIA JOSE;RIO GRANDE;RS
SUPERMERCADOS;SIM REDE DE POSTOS;R A 2180;96203-022;VILA MARIA JOSE;RIO GRANDE;RS
SUPERMERCADOS;SIM REDE DE POSTOS;AVENIDA ITALIA 1200;96203-000;VILA MARIA JOSE;RIO GRANDE;RS
SUPERMERCADOS;BUFFON 65;ESTRADA ROBERTO SOCOOWSKI 1354;96213-394;VILA NOSSA SENHORA DE FATIMA;RIO GRANDE;RS
SUPERMERCADOS;JOSE CARLOS MIRAPALHETA;RUA CORONEL SALGADO 178;96200-970;VILA QUINTA;RIO GRANDE;RS
SUPERMERCADOS;OLANDO CARLOS BUBOLZ;RUA MANOEL GONZALES LOPES 624;96213-240;VILA RECREIO;RIO GRANDE;RS
SUPERMERCADOS;CLEUSA A DE ALMEIDA;AVENIDA BANDEIRANTES 166;96212-450;VILA RURAL;RIO GRANDE;RS
SUPERMERCADOS;E D DE MORAES;AV CIDADE DE PELOTAS 1233;96212-114;VILA RURAL;RIO GRANDE;RS
SUPERMERCADOS;JOSE CLAUDIO LOPES ALVES ME;AV CIDADE DE PELOTAS 1135;96212-114;VILA RURAL;RIO GRANDE;RS
SUPERMERCADOS;ANTONIO MARCOS ARAUJO PERMEL;RUA BELLO BRUM 2418;96214-360;VILA SANTA ROSA;RIO GRANDE;RS
SUPERMERCADOS;FERNANDO T LEAL NICOLINI EPP;RUA BELLO BRUM 2477;96214-360;VILA SANTA ROSA;RIO GRANDE;RS
SUPERMERCADOS;KELEN DAIANE BATISTA ACOSTA;RUA JUAN LLOPART 828;96214-400;VILA SANTA ROSA;RIO GRANDE;RS
SUPERMERCADOS;MERCERIA E ACOUGUE NOVILHO DE OURO;RUA JOSE DA ROSA MARTINS 2475;96214-370;VILA SANTA ROSA;RIO GRANDE;RS
SUPERMERCADOS;PORTAL DO GAS;RUA ANTONIO ROCHA MEIRELES LEITE 2601;96214-350;VILA SANTA ROSA;RIO GRANDE;RS
SUPERMERCADOS;AMARO E ALMEIDA LTDA;RUA MARECHAL RONDON 248;96201-330;VILA SANTA TEREZA;RIO GRANDE;RS
SUPERMERCADOS;ANDERSON PIRES BORGES;RUA GENERAL FLORES DA CUNHA 137;96201-390;VILA SANTA TEREZA;RIO GRANDE;RS
SUPERMERCADOS;PADARIA GERMANO;RUA MARECHAL RONDON 252;96201-330;VILA SANTA TEREZA;RIO GRANDE;RS
SUPERMERCADOS;MERCEARIA UNIAO-RIO GRANDE;RUA DOUTORA RITA LOBATO 85;96202-380;VILA SANTINHA;RIO GRANDE;RS
SUPERMERCADOS;ARMAZEM MULLER;RUA EDUARDO ARAUJO 723;96213-040;VILA SAO JOAO;RIO GRANDE;RS
SUPERMERCADOS;COMERCIAL RS;ESTRADA ROBERTO SOCOOWSKI 1600;96213-000;VILA SAO JOAO;RIO GRANDE;RS
SUPERMERCADOS;INGRID WIENKE BEIERSDORFF ME;RUA TORQUATRO PONTES 550;96213-180;VILA SAO JOAO;RIO GRANDE;RS
SUPERMERCADOS;SKINA DOS PAES;RUA DR PAULINO DE MELLO DUTRA 598;96213-190;VILA SAO JOAO;RIO GRANDE;RS
SUPERMERCADOS;COMERCIO DE ALIMENTOS AZEVEDO E AZEVEDO;RUA CRISTOVAO PEREIRA 321;96212-710;VILA SAO MIGUEL;RIO GRANDE;RS
SUPERMERCADOS;MERCADO MORTOLA;RUA CRISTOVAO PEREIRA 210;96212-710;VILA SAO MIGUEL;RIO GRANDE;RS
SUPERMERCADOS;MINI MERCADO PEREIRA;RUA CRISTOVAO PEREIRA 210;96212-710;VILA SAO MIGUEL;RIO GRANDE;RS
SUPERMERCADOS;MINIMERCADO VAHL;R GENERAL BOHEM, 45;96212-720;VILA SAO MIGUEL;RIO GRANDE;RS
SUPERMERCADOS;PAULO ROBERTO DA LUZ GARCIA ME;RUA PANDIA CALOGERAS 396;96212-660;VILA SAO MIGUEL;RIO GRANDE;RS
SUPERMERCADOS;PEREIRA E FONSECA;RUA SATURNINO DE BRITO 220;96212-630;VILA SAO MIGUEL;RIO GRANDE;RS
SUPERMERCADOS;DITRENTO FILIAL;RODOVIA BR392 KM20;96214-490;VILA STA ROSA;RIO GRANDE;RS
SUPERMERCADOS;CELIO JOSE SOUZA;RUA QUATRO (QUARTA SECCAO DA BARRA) 224;96204-090;ZONA PORTUARIA;RIO GRANDE;RS
SUPERMERCADOS;CHARLENE DOS SANTOS SILVEIRA 00147693012;RUA AUGUSTO MAIA (VL MANGUEIRA) 15;96204-018;ZONA PORTUARIA;RIO GRANDE;RS
SUPERMERCADOS;DITRENTO POSTOS E LOGISTICA;RODOVIA BR 392 1001;96204-480;ZONA PORTUARIA;RIO GRANDE;RS
SUPERMERCADOS;MERKADINHO;RUA PRINCIPAL 308;96204-050;ZONA PORTUARIA;RIO GRANDE;RS
